{
  "Total" : {
    "transaction" : "Total",
    "sampleCount" : 11,
    "errorCount" : 1,
    "errorPct" : 9.090909,
    "meanResTime" : 319.3636363636363,
    "medianResTime" : 244.0,
    "minResTime" : 226.0,
    "maxResTime" : 778.0,
    "pct1ResTime" : 701.2000000000003,
    "pct2ResTime" : 778.0,
    "pct3ResTime" : 778.0,
    "throughput" : 0.1835444094041481,
    "receivedKBytesPerSec" : 0.5381188366621615,
    "sentKBytesPerSec" : 0.030291997255176787
  },
  "GET - CategoriesDetailsById" : {
    "transaction" : "GET - CategoriesDetailsById",
    "sampleCount" : 11,
    "errorCount" : 1,
    "errorPct" : 9.090909,
    "meanResTime" : 319.3636363636363,
    "medianResTime" : 244.0,
    "minResTime" : 226.0,
    "maxResTime" : 778.0,
    "pct1ResTime" : 701.2000000000003,
    "pct2ResTime" : 778.0,
    "pct3ResTime" : 778.0,
    "throughput" : 0.1835444094041481,
    "receivedKBytesPerSec" : 0.5381188366621615,
    "sentKBytesPerSec" : 0.030291997255176787
  }
}